Gender,HoursStudied/Week,Tutoring,Region,Attendance(%),Parent Education,Study_Efficiency,High_Attendance,Study_Level,Parent_Edu_Rank,Actual_Exam_Score,Predicted_Exam_Score
1,9.9,0,1,88.5,2,8.7615,1,2,2,77.2,69.18099999999995
1,8.0,0,1,77.4,2,6.192,0,2,2,69.4,62.97400000000003
0,12.2,1,0,86.8,2,10.589599999999997,1,0,2,95.5,97.329
0,15.0,0,0,93.1,1,13.965,1,0,1,85.8,91.55500000000004
0,7.0,1,0,58.9,2,4.123,0,2,2,72.3,67.13200000000005
0,8.4,0,1,86.8,3,7.2912,1,2,-1,67.7,61.54999999999996
0,16.0,0,0,58.1,1,9.296,0,3,1,79.7,83.45799999999997
0,8.5,1,1,61.2,2,5.202000000000001,0,2,2,74.3,75.83099999999999
1,7.9,0,1,51.8,2,4.0922,0,2,2,54.5,53.068000000000026
1,8.0,1,1,79.1,1,6.327999999999999,0,2,1,81.5,78.09899999999989
1,4.0,1,1,66.7,1,2.668,0,1,1,60.4,55.0
0,10.4,0,1,80.1,1,8.3304,0,0,1,73.1,74.19999999999993
0,10.0,0,0,97.8,1,9.78,1,2,1,75.4,72.45599999999999
1,8.2,0,1,62.2,1,5.1004,0,2,1,53.1,56.552
1,8.4,0,0,62.8,1,5.2752,0,2,1,52.1,57.80099999999997
1,11.3,0,0,82.4,1,9.311200000000001,0,0,1,79.1,74.58500000000005
0,2.1,0,1,63.2,1,1.3272,0,1,1,40.4,36.73800000000003
0,11.4,0,1,81.7,1,9.3138,0,0,1,79.5,77.73400000000001
1,4.8,1,0,52.7,0,2.5296000000000003,0,1,0,55.8,54.429
0,10.8,1,0,70.1,0,7.5708,0,0,0,89.4,81.421
1,16.0,0,1,66.5,3,10.64,0,3,-1,91.1,87.30199999999995
1,15.7,1,0,69.9,1,10.974300000000001,0,3,1,100.0,98.538
1,14.1,0,1,69.1,0,9.7431,0,0,0,79.8,82.68099999999991
1,5.9,0,1,57.2,1,3.3748,0,2,1,36.4,46.02800000000001
1,10.9,0,1,78.0,0,8.502,0,0,0,72.3,69.68200000000007
0,8.9,0,1,56.9,1,5.0641,0,2,1,58.5,60.69200000000003
1,12.3,0,1,50.2,1,6.174600000000001,0,0,1,65.3,69.42099999999996
1,14.0,0,1,85.8,1,12.012,1,0,1,87.7,85.39400000000005
0,7.6,1,1,98.8,0,7.5088,1,2,0,83.3,75.91899999999997
0,9.6,0,1,87.6,1,8.4096,1,2,1,77.4,72.97099999999999
0,10.7,1,1,50.1,2,5.3607,0,0,2,86.5,83.14400000000003
1,13.3,1,0,69.7,0,9.270100000000001,0,0,0,89.6,88.96100000000003
1,5.2,1,0,51.2,3,2.6624,0,2,-1,50.7,54.930999999999976
1,10.4,0,1,58.2,2,6.052800000000001,0,0,2,72.5,63.29299999999999
1,13.9,1,1,92.2,1,12.815800000000001,1,0,1,100.0,99.61000000000001
0,14.9,0,0,97.0,1,14.453,1,0,1,98.1,90.64800000000001
0,11.1,1,1,83.9,0,9.3129,0,0,0,82.5,86.52900000000005
0,7.4,1,1,78.5,1,5.809,0,2,1,72.3,76.82600000000001
0,2.8,0,1,81.1,1,2.2707999999999995,0,1,1,50.0,38.32000000000002
1,8.4,1,0,74.6,3,6.2664,0,2,-1,73.8,74.783
1,5.7,0,1,79.5,1,4.5315,0,2,1,53.2,51.096000000000025
0,13.9,0,1,95.9,2,13.330100000000002,1,0,2,93.0,87.74399999999993
0,4.9,1,1,67.5,2,3.3075,0,1,2,64.0,63.526
0,8.8,0,1,83.8,0,7.3744000000000005,0,2,0,62.4,66.26800000000006
0,5.9,1,0,87.9,1,5.1861,1,2,1,75.0,67.57999999999998
1,13.0,0,1,87.7,1,11.401000000000002,1,0,1,89.0,82.49999999999996
0,12.0,1,0,53.5,2,6.42,0,0,2,84.9,85.57800000000002
1,8.2,0,1,76.7,2,6.2894,0,2,2,63.7,64.37800000000003
1,15.9,0,1,61.3,0,9.746699999999999,0,3,0,90.0,85.3
1,10.4,0,1,77.8,1,8.0912,0,0,1,80.9,69.879
1,9.2,0,1,77.9,0,7.166799999999999,0,2,0,59.3,65.602
1,10.0,1,1,89.6,2,8.96,1,2,2,99.1,88.00499999999991
0,12.0,0,1,66.3,2,7.9559999999999995,0,0,2,79.7,73.49900000000004
1,8.7,0,1,97.5,1,8.482499999999998,1,2,1,63.6,67.60900000000002
0,6.7,0,1,72.8,1,4.8776,0,2,1,60.8,56.887000000000036
0,4.5,0,0,89.3,1,4.0184999999999995,1,1,1,51.5,49.632
0,13.1,0,1,80.4,2,10.5324,0,0,2,79.7,81.57500000000002
0,8.9,0,1,93.4,1,8.312600000000002,1,2,1,68.6,71.53000000000002
0,12.1,0,0,94.2,1,11.3982,1,0,1,79.3,81.14499999999998
1,13.9,0,0,56.2,1,7.811800000000001,0,0,1,78.8,71.00799999999998
1,14.1,0,1,64.9,2,9.1509,0,0,2,86.7,81.43599999999999
0,11.6,0,0,57.7,1,6.693200000000001,0,0,1,67.1,69.54199999999997
0,16.0,0,0,52.9,2,8.464,0,3,2,80.2,81.98500000000007
1,2.3,1,1,94.4,0,2.1712000000000002,1,1,0,48.7,61.25499999999998
0,9.0,0,1,57.6,3,5.184,0,2,-1,48.0,55.722000000000016
1,0.9,0,1,95.4,1,0.8586000000000001,1,1,1,37.9,35.68799999999996
1,13.0,0,0,71.1,1,9.243,0,0,1,73.0,74.368
0,14.2,0,0,69.3,1,9.8406,0,0,1,83.2,79.64999999999996
1,12.0,0,0,56.5,3,6.78,0,0,-1,60.6,65.66400000000003
1,15.3,1,1,77.2,2,11.8116,0,3,2,100.0,99.75900000000001
0,9.2,0,1,62.1,2,5.7132,0,2,2,71.1,60.95899999999999
0,9.5,0,0,94.4,1,8.968,1,2,1,67.5,68.30800000000004
0,10.7,0,1,62.4,2,6.676799999999999,0,0,2,69.0,71.92200000000004
0,10.6,1,0,72.3,0,7.6638,0,0,0,87.8,81.14300000000004
1,12.5,1,0,92.6,0,11.575,1,0,0,85.4,98.11400000000003
0,7.2,1,1,53.0,0,3.8160000000000003,0,2,0,57.0,61.99499999999998
1,15.5,0,1,81.3,2,12.601499999999998,0,3,2,90.9,91.65766666666667
1,10.1,0,1,50.4,3,5.0904,0,0,-1,49.7,59.94399999999996
0,8.9,1,1,53.0,1,4.7170000000000005,0,2,1,76.1,73.81400000000006
0,15.1,1,0,66.9,0,10.1019,0,3,0,100.0,96.19400000000002
1,16.0,1,1,60.0,2,9.6,0,3,2,100.0,98.25366666666665
1,16.0,0,0,60.7,1,9.712,0,3,1,80.7,82.29500000000003
1,10.6,1,1,56.1,3,5.9466,0,0,-1,72.2,78.59499999999996
1,3.8,0,1,83.6,1,3.1767999999999996,0,1,1,46.6,45.749000000000024
0,6.7,1,1,78.8,0,5.2796,0,2,0,77.9,68.61900000000006
1,9.7,0,0,57.6,2,5.5872,0,2,2,66.5,59.276000000000074
1,9.2,0,0,51.6,0,4.747199999999999,0,2,0,49.2,54.097999999999956
0,10.7,1,0,66.4,1,7.1048,0,0,1,82.0,83.64499999999998
0,11.8,0,0,83.2,1,9.8176,0,0,1,80.3,79.79100000000003
0,6.2,1,0,59.1,2,3.6642,0,2,2,70.8,64.01599999999998
0,9.4,1,1,54.2,1,5.0948,0,2,1,72.4,73.68300000000002
0,9.5,0,0,80.2,2,7.619,0,2,2,66.8,67.19600000000001
0,8.4,1,1,56.3,1,4.7292000000000005,0,2,1,80.4,73.03500000000004
1,4.0,0,1,62.3,1,2.492,0,1,1,43.3,40.703
0,11.5,1,0,59.9,0,6.8885000000000005,0,0,0,75.0,82.49799999999998
1,10.8,1,0,63.8,1,6.8904,0,0,1,74.1,83.91999999999999
0,7.9,0,0,84.5,0,6.6755,0,2,0,56.0,60.38600000000006
0,13.1,0,1,52.3,1,6.8513,0,0,1,78.7,71.82499999999999
1,11.1,0,1,67.3,2,7.4703,0,0,2,73.0,69.62100000000007
0,11.3,1,1,87.2,1,9.853600000000002,1,0,1,91.0,92.07699999999997
1,3.1,0,0,70.7,1,2.1917,0,1,1,42.0,40.02399999999997
1,16.0,0,0,76.2,1,12.192,0,3,1,87.9,86.98599999999992
1,4.5,0,1,64.6,0,2.907,0,1,0,34.5,44.093999999999966
1,16.0,0,0,77.7,1,12.432,0,3,1,88.6,88.99633333333335
1,6.0,0,1,69.2,0,4.152,0,2,0,52.4,51.98799999999996
1,6.1,0,1,68.8,3,4.1968,0,2,-1,53.9,46.58926666666669
1,7.4,1,1,60.6,2,4.484400000000001,0,2,2,70.1,72.45299999999999
0,16.0,0,0,96.3,2,15.408,1,3,2,98.3,97.15600000000003
1,8.8,1,0,63.2,3,5.561600000000001,0,2,-1,72.7,72.40399999999995
1,11.8,0,1,80.3,2,9.4754,0,0,2,74.1,79.51599999999996
0,12.5,1,0,50.2,2,6.275,0,0,2,79.3,84.66099999999992
1,1.3,1,1,75.7,1,0.9841000000000001,0,1,1,45.2,50.488
1,10.1,0,1,73.0,2,7.372999999999999,0,0,2,63.6,70.473
0,8.7,0,0,86.0,2,7.481999999999999,1,2,2,70.2,68.86000000000003
0,6.9,0,1,90.7,2,6.2583,1,2,2,62.1,63.70899999999997
0,5.0,0,0,80.5,1,4.025,0,1,1,52.1,48.12999999999999
1,5.9,0,1,64.2,1,3.7878000000000003,0,2,1,52.2,48.96499999999996
1,7.7,0,0,63.6,2,4.897200000000001,0,2,2,48.6,55.06699999999998
0,12.7,0,1,69.4,1,8.8138,0,0,1,86.6,78.24399999999997
1,6.3,0,1,94.4,2,5.9472000000000005,1,2,2,59.4,62.33500000000003
0,7.9,1,0,92.1,0,7.2759,1,2,0,80.0,74.24000000000005
0,15.0,1,1,79.2,1,11.88,0,0,1,100.0,99.17
1,9.2,0,1,99.6,1,9.163199999999998,1,2,1,67.3,72.55199999999998
0,13.5,0,1,77.5,3,10.4625,0,0,-1,80.1,77.06900000000007
1,7.8,0,1,65.3,3,5.0934,0,2,-1,58.4,51.04700000000002
1,16.0,0,1,78.5,2,12.56,0,3,2,100.0,90.96275
1,10.2,1,1,75.2,1,7.6704,0,0,1,82.8,81.455
1,11.7,0,1,58.1,1,6.7977,0,0,1,59.8,67.86800000000005
0,11.7,1,1,58.0,3,6.785999999999999,0,0,-1,82.1,84.76100000000002
0,8.7,1,0,57.2,2,4.9764,0,2,2,71.1,75.00499999999994
1,8.8,0,1,64.4,2,5.667200000000001,0,2,2,66.9,57.24000000000003
1,11.5,0,1,69.1,3,7.9464999999999995,0,0,-1,73.3,70.80600000000001
0,15.1,0,1,88.7,3,13.3937,1,3,-1,94.0,91.4419999999999
0,6.8,0,1,73.8,0,5.0184,0,2,0,41.8,56.02399999999999
0,7.5,1,1,83.7,1,6.2775,0,2,1,83.1,75.46199999999996
1,6.6,0,1,63.1,1,4.1646,0,2,1,54.2,53.725999999999985
1,8.3,0,0,58.5,3,4.855500000000001,0,2,-1,47.8,52.20400000000005
1,13.2,1,0,83.0,2,10.956,0,0,2,100.0,97.838
0,3.4,0,1,51.3,0,1.7442,0,1,0,41.3,39.70799999999999
0,9.6,1,1,55.2,1,5.2992,0,2,1,71.2,74.23300000000009
0,11.4,0,1,90.9,1,10.3626,1,0,1,79.8,76.70900000000006
0,7.5,0,0,62.6,1,4.695,0,2,1,51.5,54.898999999999994
1,11.5,0,1,86.2,2,9.913,1,0,2,74.1,80.44699999999995
1,11.3,0,1,99.2,2,11.2096,1,0,2,83.1,83.62799999999996
1,3.7,1,1,92.1,1,3.4076999999999997,1,1,1,66.4,66.968
0,13.7,0,1,97.6,1,13.371199999999998,1,0,1,95.7,88.10499999999996
1,7.6,0,1,78.6,1,5.973599999999999,0,2,1,56.1,56.77599999999996
1,12.4,0,0,91.1,0,11.296399999999998,1,0,0,76.0,75.22699999999998
0,13.8,0,1,97.9,1,13.510200000000003,1,0,1,89.9,87.95799999999996
0,10.3,0,1,99.4,1,10.2382,1,0,1,67.7,75.39400000000002
0,4.8,0,1,54.8,0,2.6304,0,1,0,43.8,38.280000000000015
1,11.3,0,0,82.7,2,9.3451,0,0,2,74.4,73.77199999999998
0,5.5,0,0,99.9,2,5.4945,1,2,2,57.3,60.83500000000003
0,13.4,0,0,89.8,1,12.033199999999999,1,0,1,88.9,80.90200000000009
1,9.0,0,1,91.3,1,8.216999999999999,1,2,1,68.6,64.29799999999993
1,10.5,0,1,87.5,0,9.1875,1,0,0,73.6,71.41400000000003
0,16.0,1,1,68.6,0,10.975999999999999,0,3,0,100.0,99.40400000000001
0,5.5,0,1,62.0,2,3.41,0,2,2,51.4,53.610000000000035
1,0.0,1,1,64.7,2,0.0,0,1,2,37.3,42.69799999999997
1,6.9,0,1,61.9,0,4.271100000000001,0,2,0,50.4,53.55699999999998
0,13.1,0,1,59.8,0,7.8338,0,0,0,78.3,72.81600000000002
0,8.8,1,1,78.5,1,6.908,0,2,1,83.5,79.33466666666669
0,16.0,0,1,79.1,3,12.655999999999999,0,3,-1,91.1,90.00899999999993
1,12.3,0,1,95.8,0,11.783400000000002,1,0,0,84.2,80.28000000000003
1,12.7,0,1,89.9,3,11.417300000000001,1,0,-1,83.1,79.25600000000003
0,11.2,1,1,74.4,1,8.332799999999999,0,0,1,79.8,84.40799999999994
1,15.0,0,1,70.8,1,10.62,0,0,1,81.3,82.4129999999999
0,8.0,0,1,93.0,2,7.44,1,2,2,69.0,69.66500000000003
0,13.9,0,0,50.0,1,6.95,0,0,1,75.4,71.30399999999999
1,8.6,0,1,64.9,2,5.5813999999999995,0,2,2,54.3,59.009000000000036
1,11.8,1,1,84.1,0,9.9238,0,0,0,89.9,88.20300000000003
1,5.2,0,1,66.9,0,3.4788000000000006,0,2,0,55.5,44.82
1,11.9,1,0,67.7,1,8.0563,0,0,1,84.4,85.32499999999999
1,3.9,0,1,54.8,1,2.1371999999999995,0,1,1,41.1,38.937000000000054
0,2.5,1,1,89.2,1,2.23,1,1,1,58.8,62.06599999999996
1,7.1,0,1,74.1,2,5.261099999999999,0,2,2,59.8,55.682000000000016
1,13.7,1,0,82.6,3,11.316199999999998,0,0,-1,85.0,90.66200000000009
0,9.7,0,1,92.5,1,8.972499999999998,1,2,1,82.4,74.32500000000002
1,12.0,0,0,82.8,2,9.936,0,0,2,71.9,76.59499999999997
1,14.8,0,0,70.2,3,10.3896,0,0,-1,75.7,83.73100000000004
1,9.7,0,1,60.7,3,5.887899999999999,0,2,-1,56.7,60.635
1,4.5,0,0,63.4,0,2.853,0,1,0,38.1,39.578
0,0.9,0,0,83.0,1,0.747,0,1,1,25.7,35.198999999999984
1,9.0,0,1,94.4,1,8.496,1,2,1,66.9,67.348
1,11.3,0,0,63.4,1,7.164200000000001,0,0,1,63.8,64.88000000000001
0,7.7,0,0,92.0,0,7.084,1,2,0,63.3,62.83
0,11.2,1,1,57.4,2,6.4288,0,0,2,90.0,85.83000000000007
0,14.5,0,1,79.6,2,11.541999999999998,0,0,2,82.4,89.39499999999997
1,9.3,1,1,67.1,3,6.2402999999999995,0,2,-1,75.2,77.26000000000002
1,1.1,0,0,95.7,1,1.0527000000000002,1,1,1,37.2,39.21199999999998
0,9.8,0,1,64.8,2,6.3504,0,2,2,72.5,67.67599999999999
0,11.1,0,1,58.7,1,6.515700000000001,0,0,1,63.7,71.34299999999999
1,12.5,0,0,76.3,1,9.5375,0,0,1,64.2,75.51499999999993
1,14.9,1,0,75.0,0,11.175,0,0,0,97.0,96.31700000000006
1,5.8,0,1,53.4,1,3.0971999999999995,0,2,1,39.3,47.15399999999999
0,10.3,0,0,61.2,2,6.303600000000001,0,0,2,66.0,67.50100000000002
0,9.3,0,0,52.0,1,4.836,0,2,1,52.8,53.920999999999964
0,4.0,1,1,98.0,2,3.92,1,1,2,72.6,64.85100000000004
0,11.2,0,0,87.8,0,9.833599999999999,1,0,0,74.2,75.57299999999998
1,10.9,0,1,86.9,1,9.472100000000001,1,0,1,73.2,72.83199999999997
0,16.0,1,1,60.6,3,9.696,0,3,-1,93.1,99.208
1,13.7,1,0,85.8,2,11.754599999999998,1,0,2,97.1,95.04700000000001
0,11.5,0,0,76.6,0,8.809,0,0,0,63.6,67.15899999999996
1,0.9,0,0,91.3,1,0.8217,1,1,1,35.6,35.50099999999997
0,7.2,0,1,54.6,2,3.9312,0,2,2,57.7,54.45600000000007
0,9.5,0,1,97.1,1,9.224499999999999,1,2,1,78.7,74.45500000000001
1,5.4,0,0,50.1,2,2.7054,0,2,2,34.8,38.59899999999999
1,12.9,0,1,82.7,1,10.668300000000002,0,0,1,76.5,82.69299999999994
1,13.1,0,1,98.9,1,12.955900000000002,1,0,1,84.3,89.17499999999993
0,5.5,1,0,91.4,2,5.027,1,2,2,68.7,68.30999999999997
1,6.1,0,0,50.7,1,3.0927,0,2,1,45.7,38.20099999999998
0,7.4,0,1,56.3,1,4.1662,0,2,1,50.1,55.18000000000002
0,7.0,0,1,50.6,1,3.542,0,2,1,49.4,47.44799999999999
0,3.4,0,1,57.1,0,1.9413999999999998,0,1,0,35.4,40.36999999999998
1,5.0,0,1,89.9,1,4.495,1,1,1,46.4,53.57199999999999
0,9.3,0,0,65.8,0,6.119400000000001,0,2,0,59.0,58.965
0,9.0,1,0,86.8,1,7.811999999999999,1,2,1,81.9,80.74800000000003
1,12.7,0,1,84.5,2,10.731499999999999,0,0,2,81.2,80.06199999999995
1,12.8,0,1,87.1,2,11.1488,1,0,2,83.3,82.92699999999995
1,3.8,0,1,96.5,2,3.667,1,1,2,53.0,49.323
1,8.9,0,1,56.6,1,5.0374,0,2,1,60.2,61.680999999999955
1,15.6,0,0,84.2,0,13.1352,0,3,0,88.1,89.7048666666666
1,16.0,0,1,54.8,1,8.767999999999999,0,3,1,84.5,85.29700000000001
0,7.6,0,1,93.7,1,7.1212,1,2,1,72.9,66.42600000000002
1,14.7,1,1,76.6,1,11.260199999999998,0,0,1,100.0,98.55600000000003
1,1.6,1,0,81.7,2,1.3072,0,1,2,58.4,51.23999999999999
0,10.0,0,0,82.5,3,8.25,0,2,-1,72.9,64.72200000000005
1,5.0,0,0,80.3,0,4.015,0,1,0,47.8,45.089000000000006
0,9.7,0,1,71.7,1,6.9549,0,2,1,65.1,64.481
1,14.5,0,1,69.7,1,10.1065,0,0,1,77.3,84.59200000000001
0,16.0,0,1,55.3,2,8.847999999999999,0,3,2,87.1,90.72400000000005
0,6.6,0,1,56.4,1,3.7223999999999995,0,2,1,42.9,48.16799999999998
1,9.4,0,0,93.3,1,8.770199999999999,1,2,1,63.6,67.274
0,12.9,0,0,83.1,2,10.7199,0,0,2,83.7,80.78200000000005
0,8.4,1,0,99.3,2,8.3412,1,2,2,84.1,82.04400000000004
1,0.8,0,1,76.7,2,0.6136,0,1,2,31.3,33.758999999999965
1,0.0,0,1,50.2,1,0.0,0,1,1,21.6,28.075000000000035
0,12.5,0,0,57.6,1,7.2,0,0,1,71.4,70.17799999999993
0,15.2,1,0,52.4,1,7.964799999999999,0,3,1,99.6,91.2148333333334
0,7.0,1,0,77.8,0,5.446000000000001,0,2,0,78.0,70.68299999999996
0,6.9,1,1,96.5,2,6.6585,1,2,2,81.5,78.57100000000008
1,10.3,1,1,64.4,2,6.6332,0,0,2,80.3,82.96099999999998
1,11.4,0,0,63.0,1,7.182,0,0,1,64.2,64.37
1,14.8,0,1,77.6,1,11.4848,0,0,1,79.9,87.45200000000001
1,7.0,1,0,55.9,0,3.9130000000000003,0,2,0,59.9,63.34099999999995
1,7.8,1,0,91.4,0,7.129200000000001,1,2,0,75.8,74.81599999999996
0,15.8,0,1,72.7,3,11.486600000000001,0,3,-1,90.1,87.83199999999997
0,3.8,0,1,68.9,0,2.6182,0,1,0,50.6,38.052000000000014
1,9.3,0,1,84.9,1,7.8957000000000015,0,2,1,65.8,67.25400000000002
0,11.7,0,1,62.2,0,7.2774,0,0,0,66.2,72.39700000000002
1,16.0,0,0,76.9,1,12.304,0,3,1,80.0,87.22300000000001
1,7.2,0,1,97.5,3,7.02,1,2,-1,63.4,61.04000000000003
1,14.8,0,1,77.2,2,11.425600000000001,0,0,2,86.9,86.31899999999997
1,9.2,0,0,77.0,1,7.084,0,2,1,60.4,62.346000000000025
0,13.5,1,1,98.3,2,13.2705,1,0,2,100.0,99.38
0,8.9,0,1,56.0,1,4.984,0,2,1,60.2,60.13199999999999
1,13.5,0,0,61.1,0,8.2485,0,0,0,70.3,71.45800000000003
1,10.4,0,0,92.5,3,9.62,1,0,-1,66.3,73.73500000000004
0,7.8,0,1,80.1,2,6.2478,0,2,2,58.8,63.122000000000035
0,16.0,0,1,62.2,1,9.952,0,3,1,100.0,84.7050000000001
0,14.9,0,0,52.4,0,7.8076,0,0,0,78.2,81.76300000000005
1,11.2,0,0,87.0,0,9.744,1,0,0,70.0,72.84799999999998
1,15.2,0,1,55.9,2,8.4968,0,3,2,89.4,80.82000000000002
0,11.1,0,1,54.6,3,6.060599999999999,0,0,-1,64.5,63.438999999999915
1,6.2,0,0,85.2,2,5.2824,1,2,2,52.8,54.204999999999984
0,11.5,0,1,86.0,2,9.89,1,0,2,78.4,79.87999999999998
0,7.6,0,1,57.9,2,4.400399999999999,0,2,2,61.3,56.549
0,9.8,1,1,75.1,2,7.3598,0,2,2,84.5,86.11099999999999
1,11.4,0,0,55.2,2,6.292800000000001,0,0,2,59.6,67.84800000000001
1,3.6,0,0,90.4,0,3.2544000000000004,1,1,0,52.1,43.57100000000007
1,13.0,0,1,52.4,3,6.811999999999999,0,0,-1,66.6,68.98800000000003
1,8.9,1,1,80.8,1,7.1912,0,2,1,81.6,78.95300000000003
0,13.3,1,1,86.4,2,11.491200000000001,1,0,2,98.6,97.64700000000002
1,15.5,1,0,74.5,0,11.5475,0,3,0,100.0,98.02699999999996
0,9.8,0,1,82.1,3,8.0458,0,2,-1,64.0,68.55099999999999
1,15.0,0,0,84.4,1,12.66,0,0,1,94.1,90.14200000000001
0,4.9,0,0,83.2,0,4.0768,0,1,0,53.7,48.36699999999996
1,8.1,0,0,69.5,3,5.629499999999999,0,2,-1,44.6,57.89000000000001
1,16.0,0,1,55.3,2,8.847999999999999,0,3,2,87.1,86.50800000000005
0,9.0,1,1,63.9,3,5.751,0,2,-1,63.7,75.31900000000002
0,10.8,0,0,71.9,2,7.765200000000001,0,0,2,72.4,69.88000000000005
1,14.5,1,1,71.9,0,10.425500000000001,0,0,0,87.5,98.04300000000005
0,11.8,1,0,78.0,1,9.204,0,0,1,85.7,88.67499999999998
1,9.3,0,1,89.4,1,8.314200000000001,1,2,1,77.4,66.59999999999992
0,6.2,1,0,97.0,1,6.013999999999999,1,2,1,79.8,75.507
1,13.6,1,1,59.8,1,8.1328,0,0,1,94.1,91.05200000000005
1,10.0,0,1,52.6,2,5.26,0,2,2,52.8,62.66199999999996
1,16.0,0,0,75.9,1,12.144,0,3,1,88.2,89.05899999999994
0,9.8,1,0,92.2,3,9.0356,1,2,-1,87.0,87.90700000000001
1,14.6,1,1,52.5,0,7.665,0,0,0,92.6,94.006
1,12.9,1,1,53.7,3,6.9273,0,0,-1,89.0,83.05200000000005
0,7.1,1,0,62.5,1,4.4375,0,2,1,58.7,68.45500000000001
1,16.0,0,1,59.7,1,9.552,0,3,1,90.8,84.21500000000003
1,2.9,0,0,80.3,1,2.3286999999999995,0,1,1,35.2,39.14900000000004
0,2.7,0,0,99.6,1,2.6892,1,1,1,46.3,45.452000000000055
0,9.0,1,1,71.0,2,6.39,0,2,2,85.5,80.79200000000007
0,9.0,0,1,72.4,0,6.516,0,2,0,65.4,60.76299999999994
1,9.0,0,1,54.7,1,4.923,0,2,1,60.5,58.399999999999984
0,12.0,0,1,62.7,2,7.524000000000001,0,0,2,73.5,73.44300000000003
0,7.6,0,0,96.6,2,7.3416,1,2,2,65.2,68.21799999999996
1,16.0,0,1,81.3,2,13.008,0,3,2,95.1,92.70425000000002
1,10.9,0,1,66.8,1,7.2812,0,0,1,61.5,68.72200000000002
0,9.4,0,1,85.9,1,8.0746,1,2,1,66.7,70.59699999999998
0,0.0,1,1,60.8,2,0.0,0,1,2,44.1,43.55300000000001
0,10.0,1,1,51.2,1,5.12,0,2,1,74.1,77.65800000000003
1,15.2,0,0,97.2,3,14.7744,1,3,-1,88.3,91.291
1,15.8,0,0,78.1,0,12.3398,0,3,0,85.0,86.76533333333339
1,7.3,1,1,66.9,1,4.8837,0,2,1,56.3,70.52799999999998
1,2.7,0,1,82.8,3,2.2356,0,1,-1,43.0,36.897000000000006
0,12.8,0,1,70.6,0,9.0368,0,0,0,72.1,78.66399999999994
1,8.9,1,0,75.6,3,6.728400000000001,0,2,-1,75.2,75.62166666666667
1,16.0,0,0,88.3,2,14.128,1,3,2,83.4,95.42599999999999
1,13.6,0,1,76.4,1,10.3904,0,0,1,90.7,80.41600000000003
0,8.6,0,0,84.4,3,7.2584,0,2,-1,57.2,59.26399999999995
0,13.0,1,0,53.0,2,6.89,0,0,2,92.3,88.62400000000001
0,8.7,0,1,53.9,1,4.689299999999999,0,2,1,62.0,56.27400000000004
1,16.0,0,1,92.9,2,14.864,1,3,2,92.6,96.68999999999998
1,7.1,0,0,90.0,1,6.39,1,2,1,51.7,59.007999999999996
0,8.0,0,1,76.8,1,6.144,0,2,1,59.7,62.252000000000024
0,15.3,0,0,81.2,2,12.4236,0,3,2,92.0,89.94699999999997
0,8.3,1,1,59.7,2,4.955100000000001,0,2,2,65.9,76.257
1,8.4,1,1,76.1,1,6.3924,0,2,1,69.4,78.1153333333333
0,9.1,1,1,84.9,1,7.7259,0,2,1,87.2,82.80099999999997
1,7.3,1,0,95.7,2,6.9861,1,2,2,76.7,74.51700000000001
1,7.9,1,0,58.3,2,4.6057,0,2,2,59.9,75.15925
0,16.0,1,0,90.6,1,14.495999999999999,1,3,1,100.0,100.0
1,8.7,1,1,83.4,1,7.255800000000001,0,2,1,80.5,79.49200000000002
1,9.9,0,1,82.8,1,8.1972,0,2,1,67.3,70.78600000000002
0,0.0,0,0,68.8,2,0.0,0,1,2,24.6,29.560999999999975
0,13.4,0,0,58.8,1,7.8792,0,0,1,77.0,75.637
0,10.8,1,1,58.5,1,6.3180000000000005,0,0,1,84.0,82.23
1,0.0,0,1,97.8,1,0.0,1,1,1,30.9,29.715999999999976
0,5.0,1,1,61.2,1,3.06,0,1,1,64.9,60.92199999999997
1,3.8,0,1,52.7,2,2.0025999999999997,0,1,2,41.7,42.85800000000003
0,7.7,0,1,72.2,2,5.5594,0,2,2,68.4,58.136
0,16.0,0,1,77.8,2,12.448,0,3,2,95.4,93.47599999999993
1,12.9,0,1,60.3,0,7.7787,0,0,0,67.3,69.61000000000001
1,8.8,1,1,61.0,2,5.368,0,2,2,77.8,74.85800000000003
0,8.0,1,1,70.1,0,5.608,0,2,0,80.4,72.48599999999999
0,8.6,0,1,60.3,0,5.1857999999999995,0,2,0,58.3,53.72100000000001
1,13.7,0,1,94.0,0,12.878,1,0,0,85.0,85.87199999999996
1,9.7,0,1,89.8,1,8.7106,1,2,1,65.3,67.07299999999992
0,12.2,0,1,96.0,2,11.711999999999998,1,0,2,89.5,81.87399999999997
0,10.2,0,0,78.2,0,7.9764,0,0,0,76.9,65.37399999999998
1,11.9,0,1,54.9,2,6.533100000000001,0,0,2,74.4,69.565
0,7.7,0,1,60.5,1,4.6585,0,2,1,56.8,58.12899999999998
1,16.0,0,0,53.0,1,8.48,0,3,1,76.5,79.68400000000008
1,6.9,0,1,99.4,1,6.858600000000001,1,2,1,63.5,62.715999999999994
1,5.3,0,1,93.7,0,4.9661,1,2,0,54.9,54.73500000000004
0,10.0,1,0,77.4,1,7.74,0,2,1,82.8,79.56900000000009
0,7.1,1,1,94.2,0,6.688199999999999,1,2,0,90.3,75.82433333333334
1,12.4,0,1,64.9,2,8.047600000000001,0,0,2,82.7,75.54399999999993
0,7.3,1,1,60.2,1,4.3946000000000005,0,2,1,69.2,69.15999999999993
1,9.5,1,1,57.8,2,5.4910000000000005,0,2,2,77.7,76.54999999999997
0,8.0,0,0,83.4,2,6.672000000000001,0,2,2,60.7,59.58800000000001
1,14.0,0,0,98.9,1,13.846000000000002,1,0,1,87.8,84.07499999999995
1,6.0,0,0,93.5,0,5.61,1,2,0,56.2,55.779
0,7.4,0,1,51.7,2,3.8258000000000005,0,2,2,58.9,52.61600000000003
1,16.0,0,0,69.2,3,11.072000000000001,0,3,-1,80.8,85.17300000000006
1,9.6,0,0,68.7,2,6.5952,0,2,2,54.7,63.50500000000002
0,8.6,1,1,91.1,2,7.834599999999999,1,2,2,85.2,85.20499999999997
0,11.5,0,1,57.5,0,6.6125,0,0,0,77.0,71.13299999999995
0,5.6,0,0,96.2,1,5.3872,1,2,1,61.3,55.82699999999999
0,8.2,1,1,61.5,0,5.042999999999999,0,2,0,66.7,72.14809999999993
0,7.3,1,1,85.7,0,6.2561,1,2,0,83.0,75.48599999999999
1,14.0,1,1,95.2,1,13.328,1,0,1,100.0,97.57000000000002
0,10.5,0,0,89.1,3,9.3555,1,0,-1,68.0,69.43900000000002
0,4.5,1,0,87.4,2,3.9330000000000003,1,1,2,61.9,62.19700000000002
1,1.3,0,0,57.1,3,0.7423000000000001,0,1,-1,19.4,29.507999999999996
1,4.7,0,1,97.8,0,4.5966000000000005,1,1,0,45.7,55.28599999999999
0,5.2,0,0,97.1,0,5.0492,1,2,0,56.3,51.82500000000002
1,1.5,0,1,83.7,3,1.2555,0,1,-1,38.0,39.56800000000001
0,13.3,0,1,94.3,3,12.5419,1,0,-1,88.6,86.37399999999997
0,12.0,1,1,58.8,0,7.055999999999999,0,0,0,87.2,81.95899999999996
1,4.5,1,1,68.4,3,3.0780000000000003,0,1,-1,60.8,55.28200000000001
0,11.5,0,0,79.4,3,9.131,0,0,-1,68.2,67.85900000000001
1,11.2,0,0,67.2,1,7.5264,0,0,1,59.9,69.38300000000002
0,12.3,1,1,82.5,1,10.1475,0,0,1,89.8,91.694
1,7.2,0,0,68.2,2,4.9104,0,2,2,58.8,50.486999999999995
0,13.8,0,1,83.6,2,11.536800000000001,0,0,2,83.5,84.14400000000006
1,4.5,0,1,52.0,0,2.34,0,1,0,42.1,37.958000000000006
0,9.6,0,1,64.0,1,6.144,0,2,1,50.5,63.41900000000003
0,12.4,1,1,58.3,1,7.2292,0,0,1,84.5,92.12000000000013
1,10.4,0,0,64.0,1,6.656000000000001,0,0,1,65.5,65.07600000000001
1,9.8,0,1,78.9,1,7.7322000000000015,0,2,1,70.3,64.95700000000002
1,14.0,1,0,89.1,2,12.473999999999998,1,0,2,100.0,98.31900000000002
0,16.0,1,1,53.4,1,8.544,0,3,1,95.1,96.45499999999998
0,10.3,0,1,64.5,1,6.6435,0,0,1,70.8,66.46499999999995
1,7.8,0,1,73.3,1,5.7174000000000005,0,2,1,48.7,59.13500000000005
1,7.8,1,0,60.7,2,4.7346,0,2,2,70.2,73.88100000000004
0,10.0,0,1,86.3,1,8.63,1,2,1,72.2,74.547
0,4.7,0,1,59.3,1,2.7870999999999997,0,1,1,47.8,44.467000000000006
0,9.8,0,1,59.8,2,5.860399999999999,0,2,2,68.6,62.43700000000002
0,16.0,0,1,82.5,1,13.2,0,3,1,96.2,91.45789999999992
1,5.7,0,0,79.8,1,4.5486,0,2,1,53.7,47.14800000000001
0,13.0,1,1,69.5,1,9.035,0,0,1,98.5,93.66400000000002
0,9.2,0,0,62.0,1,5.704,0,2,1,57.7,60.730000000000054
0,9.7,0,1,75.7,3,7.342899999999999,0,2,-1,61.6,62.080999999999946
1,7.0,1,1,83.3,2,5.831,0,2,2,68.7,73.02400000000003
1,16.0,1,1,60.4,0,9.664,0,3,0,99.0,98.19700000000005
1,7.2,1,0,56.7,2,4.0824,0,2,2,74.8,69.09999999999997
1,16.0,0,1,62.5,1,10.0,0,3,1,90.6,83.36100000000006
1,6.1,0,1,82.4,1,5.0264,0,2,1,67.1,54.245
0,12.8,1,1,84.1,1,10.764800000000001,0,0,1,100.0,98.71800000000006
1,11.7,0,1,87.0,2,10.179,1,0,2,75.8,77.71400000000001
0,15.7,1,1,86.6,2,13.5962,1,3,2,100.0,100.0
0,8.7,1,1,58.9,3,5.1243,0,2,-1,76.1,70.18665000000006
0,13.8,0,0,96.3,2,13.2894,1,0,2,87.9,83.35699999999997
1,9.4,0,0,72.1,2,6.7774,0,2,2,61.1,62.31100000000002
1,11.3,0,0,88.0,0,9.944,1,0,0,76.3,71.22199999999998
1,11.3,1,0,85.0,1,9.605,1,0,1,87.4,88.08300000000003
1,10.1,0,0,89.3,0,9.0193,1,0,0,73.8,67.44800000000002
0,10.3,0,1,96.5,1,9.9395,1,0,1,80.2,73.87000000000002
1,7.5,0,1,94.3,1,7.0725,1,2,1,65.2,62.47300000000005
1,9.5,0,1,84.9,1,8.0655,0,2,1,70.7,70.017
0,5.9,0,1,99.8,0,5.8882,1,2,0,60.2,60.444000000000024
1,10.2,0,1,50.6,2,5.1612,0,0,2,66.3,61.584999999999944
0,1.6,0,0,91.6,0,1.4656,1,1,0,30.9,38.59000000000001
0,16.0,0,1,68.9,1,11.024000000000001,0,3,1,82.8,86.79600000000003
1,14.4,1,0,66.5,1,9.576,0,0,1,99.1,93.752
1,3.6,0,1,63.1,2,2.2716,0,1,2,45.3,44.16200000000003
0,7.9,0,0,78.6,1,6.2094,0,2,1,56.3,57.81700000000003
1,10.8,0,1,79.0,2,8.532,0,0,2,68.6,74.47999999999998
1,9.0,0,0,78.9,2,7.101,0,2,2,68.9,62.48200000000004
1,11.8,0,1,98.7,0,11.646600000000001,1,0,0,78.6,83.07799999999993
0,5.6,1,0,69.6,3,3.8975999999999993,0,2,-1,60.6,59.08900000000004
1,10.0,1,0,71.1,2,7.11,0,2,2,78.4,81.57299999999996
0,13.2,0,0,68.5,2,9.042,0,0,2,74.1,78.41499999999994
0,12.0,0,1,64.0,2,7.68,0,0,2,69.3,73.10900000000005
1,3.0,0,0,57.3,2,1.7189999999999999,0,1,2,30.1,33.16500000000004
1,9.3,0,1,54.6,1,5.0778,0,2,1,61.3,60.54800000000001
1,9.4,1,1,94.6,1,8.8924,1,2,1,94.2,88.35199999999995
1,14.6,0,1,85.1,2,12.424599999999998,1,0,2,89.3,88.84599999999995
1,11.4,1,1,52.0,1,5.928000000000001,0,0,1,78.3,80.88600000000001
0,10.2,0,0,51.2,2,5.2224,0,0,2,65.8,61.12999999999999
1,8.5,0,1,84.2,2,7.157,0,2,2,56.2,64.31899999999997
1,10.2,0,1,54.7,1,5.5794,0,0,1,58.2,67.85700000000004
0,9.0,0,1,96.9,0,8.721,1,2,0,68.1,76.74700000000009
1,4.3,0,0,81.1,2,3.4872999999999994,0,1,2,47.4,47.437
0,7.4,0,0,53.4,2,3.9516000000000004,0,2,2,56.4,50.56499999999997
1,14.0,1,1,71.9,3,10.066,0,0,-1,90.0,95.59100000000004
0,13.1,1,0,62.2,1,8.148200000000001,0,0,1,93.4,89.05000000000004
0,2.6,1,0,94.4,1,2.4544,1,1,1,66.6,60.59400000000001
0,6.7,0,1,62.1,1,4.1607,0,2,1,43.1,54.67999999999998
0,15.6,1,0,60.1,2,9.375599999999999,0,3,2,100.0,96.77933333333335
0,16.0,1,0,82.1,2,13.136,0,3,2,100.0,99.96
1,10.6,0,0,63.9,1,6.773399999999999,0,0,1,59.6,63.95800000000004
1,7.2,0,1,66.4,2,4.7808,0,2,2,58.5,58.100999999999985
1,13.4,1,1,79.1,1,10.599400000000001,0,0,1,95.9,97.57600000000006
0,16.0,0,0,82.0,2,13.12,0,3,2,89.7,88.36900000000001
0,7.5,0,1,69.9,2,5.2425,0,2,2,67.9,59.14199999999999
1,12.4,0,1,96.2,2,11.9288,1,0,2,84.1,81.495
0,5.3,1,1,60.4,0,3.2012,0,2,0,58.6,57.31300000000001
1,16.0,0,1,81.3,0,13.008,0,3,0,90.1,90.3415
1,13.0,0,1,94.8,1,12.323999999999998,1,0,1,92.9,83.36699999999998
1,5.9,1,1,71.3,1,4.2067000000000005,0,2,1,66.1,66.25200000000001
0,6.2,1,1,66.4,1,4.1168000000000005,0,2,1,64.4,66.63000000000001
0,8.0,1,1,94.5,1,7.56,1,2,1,82.9,78.65799999999999
0,7.0,0,0,86.4,0,6.048000000000001,1,2,0,56.0,54.22399999999999
0,9.8,0,1,76.1,0,7.4578,0,2,0,70.4,68.19600000000004
1,5.6,0,1,52.5,3,2.94,0,2,-1,39.1,44.53800000000004
1,3.3,0,0,71.6,1,2.3627999999999996,0,1,1,34.3,40.323
0,16.0,0,1,57.1,1,9.136000000000001,0,3,1,85.8,84.90100000000002
1,3.7,0,0,94.6,2,3.5002,1,1,2,44.6,47.040000000000035
0,10.2,0,0,90.3,1,9.2106,1,0,1,73.9,71.55000000000004
0,10.2,0,1,94.2,1,9.6084,1,0,1,70.4,75.44500000000005
1,9.4,0,1,54.4,3,5.1136,0,2,-1,58.7,56.391000000000005
0,14.4,1,1,59.1,0,8.5104,0,0,0,93.9,93.77099999999999
0,10.8,1,1,60.2,1,6.501600000000001,0,0,1,82.7,82.35300000000002
1,5.0,1,0,71.2,0,3.56,0,1,0,57.4,56.857000000000035
1,12.6,0,1,70.2,0,8.8452,0,0,0,76.7,72.98899999999995
1,1.7,0,1,68.7,2,1.1679000000000002,0,1,2,33.7,38.61900000000004
0,3.6,0,1,77.2,2,2.7792000000000003,0,1,2,48.9,47.69399999999995
0,10.7,0,1,78.0,2,8.345999999999998,0,0,2,79.9,74.72599999999998
0,16.0,0,1,63.3,3,10.128,0,3,-1,70.2,84.22500000000005
0,8.2,1,1,96.0,2,7.871999999999999,1,2,2,93.6,84.85399999999998
0,10.8,0,1,60.5,1,6.534000000000001,0,0,1,73.7,70.28699999999992
1,16.0,0,1,59.4,0,9.504,0,3,0,77.1,83.65900000000002
1,4.7,0,1,71.2,1,3.3464000000000005,0,1,1,30.5,47.11200000000004
0,10.9,0,1,88.0,2,9.592,1,0,2,81.6,78.36599999999999
1,5.6,0,0,68.6,1,3.8415999999999997,0,2,1,55.6,47.996999999999986
1,6.9,0,1,93.8,0,6.4722,1,2,0,60.7,62.55299999999992
1,9.4,0,1,83.7,1,7.867800000000001,0,2,1,67.8,68.78300000000004
0,11.3,0,1,97.5,1,11.0175,1,0,1,77.1,83.36699999999999
1,7.1,0,1,83.2,3,5.9072000000000005,0,2,-1,50.1,59.01499999999999
0,9.3,0,0,98.8,1,9.1884,1,2,1,74.0,65.90099999999997
0,7.0,0,1,51.4,3,3.5980000000000003,0,2,-1,51.9,42.46500000000002
0,9.2,0,1,95.2,0,8.7584,1,2,0,69.7,76.20100000000006
0,7.9,0,1,89.7,1,7.086300000000001,1,2,1,63.1,66.02799999999999
0,7.0,0,1,62.7,1,4.389,0,2,1,53.9,55.14400000000003
0,8.4,0,0,71.0,2,5.9639999999999995,0,2,2,66.7,59.77800000000003
1,6.9,0,0,54.5,3,3.7605,0,2,-1,53.5,46.34999999999998
0,6.5,0,0,74.9,2,4.8685,0,2,2,50.7,52.93599999999998
1,7.3,1,1,52.7,1,3.8471,0,2,1,60.4,67.55800000000005
1,12.2,0,0,69.0,1,8.418,0,0,1,70.2,69.10099999999993
0,16.0,1,1,56.1,2,8.976,0,3,2,100.0,98.83083333333335
0,16.0,1,1,70.9,1,11.344000000000001,0,3,1,100.0,99.77799999999999
1,6.6,1,1,89.0,1,5.874,1,2,1,68.3,72.373
0,9.8,1,0,85.7,1,8.398600000000002,1,2,1,84.2,82.88700000000006
1,5.1,0,1,75.3,0,3.8402999999999996,0,2,0,48.0,47.96600000000002
1,9.4,0,1,62.3,0,5.8562,0,2,0,61.0,60.27799999999998
0,16.0,1,1,79.6,0,12.735999999999999,0,3,0,100.0,99.99600000000001
0,9.2,0,0,99.1,0,9.117199999999999,1,2,0,58.3,64.92099999999995
0,6.5,0,0,50.8,0,3.302,0,2,0,48.5,42.044
0,14.3,1,1,57.9,2,8.2797,0,0,2,97.1,97.20300000000002
0,12.5,0,1,61.3,0,7.6625,0,0,0,65.4,72.99800000000006
1,12.7,1,1,63.7,1,8.0899,0,0,1,88.1,87.19700000000003
0,14.7,0,1,96.2,2,14.141399999999999,1,0,2,98.2,95.44800000000004
1,11.6,1,0,97.8,1,11.3448,1,0,1,94.2,95.113
1,8.7,0,1,86.7,2,7.5428999999999995,1,2,2,70.2,66.81199999999995
1,11.7,0,0,51.7,1,6.0489,0,0,1,67.2,60.494999999999926
1,7.9,1,1,53.7,1,4.2423,0,2,1,65.6,64.02700000000003
0,5.4,0,1,81.3,1,4.3902,0,2,1,52.6,54.403999999999975
1,14.3,1,1,62.7,1,8.9661,0,0,1,89.5,93.38900000000001
0,13.1,1,1,99.1,3,12.982099999999997,1,0,-1,97.3,96.73400000000001
0,16.0,1,1,87.9,0,14.064,1,3,0,100.0,99.42299999999997
0,16.0,0,0,95.5,1,15.28,1,3,1,94.5,93.71400000000011
1,15.5,0,1,84.1,1,13.035499999999999,0,3,1,98.0,92.20233333333334
0,16.0,0,0,56.7,2,9.072000000000001,0,3,2,85.1,85.31999999999998
0,2.9,0,0,53.5,3,1.5515,0,1,-1,30.4,34.14299999999999
1,11.1,0,0,54.0,2,5.994,0,0,2,71.9,60.81199999999999
1,10.5,0,1,97.0,2,10.185,1,0,2,79.7,77.45900000000002
0,10.3,1,0,96.7,0,9.9601,1,0,0,81.3,89.88199999999992
0,11.0,0,0,99.5,0,10.945,1,0,0,80.8,73.46099999999998
0,13.1,1,1,68.8,2,9.0128,0,0,2,93.5,96.93099999999997
0,4.9,1,1,69.9,1,3.4251000000000005,0,1,1,60.7,59.71300000000003
1,14.1,0,1,77.4,3,10.913400000000001,0,0,-1,81.3,78.10299999999998
1,9.4,1,1,74.7,1,7.021800000000001,0,2,1,79.9,80.35
1,16.0,0,0,60.6,2,9.696,0,3,2,85.3,83.00899999999996
0,9.1,0,0,57.9,0,5.2688999999999995,0,2,0,51.8,57.422000000000004
0,8.0,1,1,79.0,1,6.32,0,2,1,82.9,76.8849999999999
0,12.5,0,1,58.1,1,7.2625,0,0,1,77.9,76.21899999999995
1,12.3,0,1,51.3,2,6.3099,0,0,2,67.3,73.99299999999998
0,13.9,0,1,82.4,1,11.453600000000002,0,0,1,90.2,83.92400000000004
1,10.5,0,0,88.4,2,9.282,1,0,2,77.0,74.547
1,9.2,0,1,96.0,1,8.831999999999999,1,2,1,68.9,70.404
1,6.6,0,0,91.2,2,6.0192,1,2,2,52.3,54.51699999999997
1,15.4,1,1,55.8,1,8.5932,0,3,1,94.4,95.415
1,10.3,1,0,71.6,0,7.3748000000000005,0,0,0,78.8,77.45600000000002
0,15.1,0,0,56.2,1,8.4862,0,3,1,79.9,81.62599999999999
1,15.1,1,1,99.8,1,15.0698,1,3,1,100.0,99.74599999999998
1,4.1,0,1,74.3,1,3.0462999999999996,0,1,1,46.1,47.90400000000003
0,15.4,0,1,99.5,2,15.323,1,3,2,94.0,98.08100000000015
0,0.0,1,0,97.2,1,0.0,1,1,1,51.2,43.091
1,7.2,0,1,76.1,1,5.4792,0,2,1,55.1,60.06700000000004
0,8.2,0,1,61.4,3,5.0348,0,2,-1,48.3,54.60200000000002
0,16.0,0,0,78.6,2,12.575999999999999,0,3,2,91.3,90.53399999999993
1,0.7,1,1,71.2,2,0.49839999999999995,0,1,2,46.6,43.67400000000001
0,10.3,0,1,73.6,2,7.5808,0,0,2,78.7,72.32899999999998
0,11.0,0,0,69.4,1,7.634000000000001,0,0,1,59.0,67.77300000000008
1,10.1,0,1,96.2,1,9.7162,1,0,1,70.2,74.93799999999996
0,10.8,0,0,85.7,0,9.255600000000001,1,0,0,70.7,69.293
1,7.7,1,1,89.0,1,6.853000000000001,1,2,1,80.3,73.65699999999998
0,14.1,1,1,91.6,3,12.9156,1,0,-1,100.0,97.83099999999999
1,5.0,0,1,89.1,2,4.455,1,1,2,50.8,52.784999999999954
1,10.6,1,1,71.6,2,7.589599999999999,0,0,2,88.9,86.32799999999999
0,5.3,0,0,52.5,2,2.7825,0,2,2,41.0,43.52
1,16.0,0,0,66.2,1,10.592,0,3,1,95.3,78.99700000000001
0,13.4,1,0,74.4,1,9.969600000000002,0,0,1,90.8,89.75099999999993
0,11.9,1,1,73.2,1,8.7108,0,0,1,95.1,87.245
0,7.6,0,1,79.5,1,6.041999999999999,0,2,1,64.8,57.204999999999984
1,10.0,0,1,72.0,0,7.2,0,2,0,69.7,66.06099999999998
0,0.0,0,1,95.2,0,0.0,1,1,0,32.8,28.66399999999997
1,13.3,0,0,66.0,1,8.778,0,0,1,72.0,75.02300000000002
0,12.3,1,1,99.8,3,12.2754,1,0,-1,100.0,96.13600000000002
1,4.2,1,1,98.6,1,4.1412,1,1,1,68.9,68.69500000000005
1,14.9,0,1,61.1,0,9.1039,0,0,0,64.5,82.38399999999994
0,7.8,0,1,50.8,0,3.9623999999999997,0,2,0,55.7,48.33799999999994
0,12.8,0,0,74.8,2,9.5744,0,0,2,78.4,75.882
1,16.0,0,1,80.2,1,12.832,0,3,1,92.3,91.43047619047621
0,12.6,0,1,78.0,0,9.828,0,0,0,74.6,77.76900000000002
1,14.5,1,0,55.6,2,8.062000000000001,0,0,2,89.5,92.20100000000004
1,12.3,1,0,60.2,1,7.4046,0,0,1,84.6,86.51199999999999
1,11.1,0,0,86.0,1,9.546,1,0,1,60.9,75.05200000000002
1,10.3,0,1,88.1,1,9.0743,1,0,1,78.3,73.63100000000003
1,7.6,1,1,76.9,0,5.8444,0,2,0,85.5,70.69099999999996
0,7.3,0,1,99.0,3,7.226999999999999,1,2,-1,64.4,63.19799999999997
1,11.7,0,1,71.6,3,8.377199999999998,0,0,-1,76.0,71.87200000000003
0,11.7,0,0,50.5,0,5.908499999999999,0,0,0,69.9,62.80300000000001
0,0.0,0,0,72.7,2,0.0,0,1,2,25.4,29.274999999999967
1,2.6,0,1,85.8,1,2.2308000000000003,1,1,1,42.1,41.082000000000015
0,8.4,1,1,74.1,2,6.224399999999999,0,2,2,80.9,79.37400000000008
1,15.9,1,1,68.4,3,10.875600000000002,0,3,-1,100.0,97.87200000000001
0,14.0,0,1,72.0,1,10.08,0,0,1,93.5,80.72900000000001
1,11.3,1,1,93.6,3,10.5768,1,0,-1,84.6,92.34
1,3.7,1,0,74.7,1,2.7639000000000005,0,1,1,51.3,57.977000000000004
1,8.3,1,1,68.7,0,5.702100000000001,0,2,0,76.8,71.72599999999997
1,7.3,0,1,62.5,1,4.5625,0,2,1,56.0,52.170000000000016
1,11.7,0,0,85.5,0,10.003499999999999,1,0,0,78.6,72.94700000000003
1,14.3,1,1,51.5,1,7.3645000000000005,0,0,1,94.0,93.39599999999999
0,16.0,0,0,63.2,1,10.112,0,3,1,83.8,79.92899999999999
1,12.3,1,0,85.5,1,10.5165,1,0,1,93.4,94.07100000000004
1,14.1,1,1,97.4,1,13.733400000000001,1,0,1,100.0,97.70900000000002
1,11.0,0,1,74.3,2,8.173,0,0,2,75.6,70.80499999999998
0,11.9,0,0,90.2,3,10.7338,1,0,-1,74.1,76.73599999999999
1,9.3,1,0,99.4,3,9.244200000000001,1,2,-1,76.3,88.28999999999998
1,10.5,0,0,79.6,1,8.357999999999999,0,0,1,63.1,67.09899999999999
0,11.1,0,0,88.2,2,9.7902,1,0,2,73.2,75.87199999999996
0,9.7,0,0,54.4,1,5.2768,0,2,1,50.8,56.569999999999965
1,10.3,0,1,91.4,1,9.414200000000001,1,0,1,73.7,74.57
0,13.5,0,0,57.0,2,7.695,0,0,2,73.8,76.38900000000002
1,14.4,0,1,92.0,1,13.248,1,0,1,92.1,90.77200000000002
0,11.3,1,1,70.4,1,7.955200000000001,0,0,1,83.6,84.90399999999993
0,14.8,1,1,65.6,1,9.7088,0,0,1,96.6,99.62200000000001
1,15.4,1,1,51.8,0,7.9772,0,3,0,93.3,91.363
1,12.7,0,1,55.7,2,7.0739,0,0,2,68.5,72.86500000000007
1,13.5,1,0,78.6,2,10.610999999999999,0,0,2,99.3,94.53400000000005
0,16.0,0,1,91.7,3,14.672,1,3,-1,88.0,93.237
1,16.0,0,0,91.5,1,14.64,1,3,1,84.5,91.50099999999999
1,12.4,1,0,78.9,0,9.783600000000002,0,0,0,100.0,87.18800000000006
1,8.6,0,0,88.2,2,7.5851999999999995,1,2,2,69.3,67.77300000000007
0,5.9,0,0,55.7,3,3.2863000000000007,0,2,-1,42.7,41.94300000000002
1,11.5,0,0,74.1,2,8.5215,0,0,2,70.0,73.13499999999998
0,10.7,0,0,61.1,2,6.5377,0,0,2,75.4,67.83800000000002
1,10.8,0,1,55.9,2,6.0372,0,0,2,65.0,63.074
0,11.5,1,0,61.0,2,7.015,0,0,2,84.6,89.93500000000003
0,12.2,1,1,52.3,1,6.380599999999999,0,0,1,82.2,85.42800000000003
1,0.5,1,0,65.6,1,0.32799999999999996,0,1,1,36.5,40.192
0,12.2,1,0,93.4,1,11.3948,1,0,1,100.0,97.939
0,7.4,0,0,95.2,2,7.0448,1,2,2,71.9,59.318000000000026
1,3.7,0,1,94.6,1,3.5002,1,1,1,51.4,46.7
0,11.5,1,0,54.8,2,6.302,0,0,2,80.3,84.48399999999998
0,10.9,0,0,57.9,1,6.3111,0,0,1,76.3,67.25300000000004
1,13.8,0,0,57.7,2,7.962600000000001,0,0,2,77.4,73.53800000000003
0,5.3,0,0,64.5,0,3.4185,0,2,0,43.4,45.359999999999985
1,11.0,0,1,71.0,0,7.81,0,0,0,74.3,69.67600000000002
1,9.1,0,1,89.8,2,8.1718,1,2,2,63.4,66.30599999999991
1,16.0,0,0,80.1,0,12.815999999999999,0,3,0,81.7,88.16247619047623
0,8.0,0,1,59.8,2,4.784,0,2,2,53.6,59.123999999999995
0,16.0,0,1,90.8,0,14.527999999999999,1,3,0,90.7,96.67000000000002
1,10.6,0,1,59.8,0,6.3388,0,0,0,63.4,67.91099999999997
0,16.0,1,1,71.7,1,11.472000000000001,0,3,1,94.2,99.56900000000002
1,11.9,0,1,65.8,1,7.8302,0,0,1,69.5,69.87699999999992
0,7.6,0,0,85.8,2,6.5207999999999995,1,2,2,55.0,61.56100000000001
1,4.2,0,0,65.2,1,2.7384000000000004,0,1,1,40.3,42.45400000000002
1,11.1,1,1,95.4,0,10.589400000000001,1,0,0,89.8,92.44699999999999
0,8.5,1,1,55.8,2,4.742999999999999,0,2,2,75.3,74.16999999999999
1,13.9,0,0,55.7,1,7.7423,0,0,1,74.4,71.63399999999997
1,11.5,0,0,70.3,1,8.084499999999998,0,0,1,67.9,68.11699999999999
0,8.4,0,1,87.7,0,7.3668000000000005,1,2,0,71.3,65.85900000000004
0,8.7,0,0,96.0,1,8.351999999999999,1,2,1,69.2,65.12100000000002
0,6.8,0,1,97.5,0,6.63,1,2,0,64.0,65.01599999999992
1,0.3,0,1,63.4,1,0.1902,0,1,1,24.6,28.166
1,7.6,0,1,93.6,1,7.113599999999999,1,2,1,70.2,64.52100000000009
1,12.5,0,1,97.5,0,12.1875,1,0,0,97.3,85.03599999999997
1,6.6,0,1,95.3,0,6.289799999999999,1,2,0,59.1,59.14999999999993
1,4.0,1,1,86.6,2,3.464,1,1,2,66.7,65.582
1,12.5,0,0,56.9,2,7.1125,0,0,2,65.5,71.68900000000006
1,16.0,1,0,94.6,2,15.136,1,3,2,100.0,100.0
0,10.1,0,0,66.8,0,6.7467999999999995,0,0,0,65.8,62.81400000000002
1,14.5,1,1,85.3,2,12.3685,1,0,2,100.0,99.59
0,4.0,0,0,84.2,1,3.3680000000000003,0,1,1,43.7,45.55400000000002
1,4.8,1,1,76.8,1,3.6864,0,1,1,66.3,63.201000000000086
1,7.1,1,0,70.3,2,4.991299999999999,0,2,2,65.2,69.79000000000002
0,12.5,1,0,54.3,3,6.7875,0,0,-1,78.0,83.33000000000004
1,7.4,0,1,95.0,2,7.03,1,2,2,66.1,61.39900000000005
0,6.8,1,1,52.1,1,3.5427999999999997,0,2,1,68.1,69.57400000000007
1,12.6,0,0,77.7,2,9.7902,0,0,2,80.5,77.00599999999999
0,7.7,1,1,88.9,0,6.845300000000001,1,2,0,77.8,74.47833333333331
1,9.6,0,1,88.6,3,8.5056,1,2,-1,65.6,65.11099999999993
0,3.0,0,0,91.0,2,2.73,1,1,2,53.0,44.69400000000007
0,13.4,0,0,83.4,3,11.175600000000001,0,0,-1,76.1,77.9910000000001
1,13.2,1,0,67.2,3,8.8704,0,0,-1,94.4,86.305
0,11.4,0,1,85.8,1,9.7812,1,0,1,88.8,79.14699999999998
1,9.5,0,1,91.2,2,8.664,1,2,2,71.1,67.34699999999994
1,12.1,1,1,81.1,2,9.813099999999999,0,0,2,97.9,95.667
1,6.8,0,1,50.1,0,3.4068,0,2,0,40.4,43.79199999999997
0,7.6,0,1,64.2,2,4.8792,0,2,2,60.6,59.38699999999997
1,16.0,0,0,73.2,2,11.712,0,3,2,91.0,89.2080000000001
0,8.9,0,1,68.3,2,6.0787,0,2,2,66.5,62.61200000000002
1,14.2,0,1,98.3,2,13.958599999999999,1,0,2,92.4,93.23200000000001
0,13.8,0,1,86.5,0,11.937000000000001,1,0,0,83.2,84.41400000000003
0,6.0,0,1,77.4,0,4.644,0,2,0,59.2,57.17273333333335
0,8.6,1,1,69.6,2,5.9856,0,2,2,76.0,80.01300000000006
1,9.1,1,1,72.8,2,6.624799999999999,0,2,2,72.2,80.38800000000005
1,12.9,1,1,75.2,0,9.700800000000001,0,0,0,99.0,92.00400000000003
1,7.7,0,1,70.8,0,5.4516,0,2,0,56.0,58.626000000000005
1,9.7,0,0,73.5,0,7.129499999999999,0,2,0,56.7,63.11799999999998
0,1.8,0,1,50.6,1,0.9107999999999999,0,1,1,31.3,31.44699999999998
0,5.9,0,0,60.7,1,3.5813000000000006,0,2,1,44.0,45.28799999999999
0,7.6,1,0,64.1,2,4.871599999999999,0,2,2,70.9,72.31000000000003
1,8.5,1,0,86.3,2,7.3355,1,2,2,89.8,80.84500000000001
0,14.3,0,1,83.6,2,11.9548,0,0,2,93.9,83.749
0,9.4,1,0,79.7,1,7.4918000000000005,0,2,1,76.5,80.21299999999997
1,14.7,0,0,79.1,2,11.627699999999997,0,0,2,82.4,87.26600000000002
1,12.6,1,0,69.3,1,8.7318,0,0,1,93.1,87.23199999999997
0,8.9,0,0,74.5,2,6.6305000000000005,0,2,2,63.9,62.50800000000006
1,16.0,0,0,99.4,0,15.904000000000002,1,3,0,93.8,95.255
0,16.0,0,0,68.5,2,10.96,0,3,2,97.5,92.87400000000004
1,4.7,0,0,73.7,1,3.4639000000000006,0,1,1,49.6,44.199000000000034
0,10.8,0,1,85.8,0,9.266399999999999,1,0,0,80.9,72.03300000000003
1,8.4,0,1,84.5,1,7.098000000000001,0,2,1,67.3,63.94000000000001
1,12.0,1,1,72.4,1,8.688,0,0,1,87.0,86.53900000000003
1,11.0,0,1,79.7,2,8.767000000000001,0,0,2,75.7,75.13399999999999
0,6.1,0,1,65.3,2,3.9833,0,2,2,48.6,51.41400000000001
0,12.8,0,1,93.1,1,11.9168,1,0,1,86.5,84.04099999999995
0,11.5,1,1,62.3,2,7.164499999999999,0,0,2,86.7,86.44000000000004
1,10.4,1,1,66.2,3,6.8848,0,0,-1,72.5,78.6339999999999
1,6.9,1,0,56.5,1,3.8985000000000003,0,2,1,59.3,65.696
0,9.3,0,1,72.2,1,6.714600000000001,0,2,1,64.1,64.48599999999998
0,9.9,0,1,85.0,2,8.415,1,2,2,70.8,75.129
0,12.4,0,1,69.3,1,8.5932,0,0,1,77.8,76.48999999999998
1,14.7,0,1,80.1,2,11.774699999999998,0,0,2,87.5,88.74300000000001
0,7.9,0,1,99.7,2,7.876300000000001,1,2,2,78.7,69.94999999999999
0,9.3,0,1,50.9,1,4.7337,0,2,1,60.1,56.02199999999996
0,11.7,0,1,67.2,1,7.8624,0,0,1,80.0,71.21800000000006
0,8.7,0,0,97.1,2,8.4477,1,2,2,63.8,67.99200000000003
1,16.0,1,1,53.8,1,8.607999999999999,0,3,1,95.3,95.40699999999997
1,13.5,0,1,65.0,0,8.775,0,0,0,72.3,73.74999999999999
0,15.5,1,0,89.8,1,13.918999999999999,1,3,1,100.0,99.635
0,11.7,0,1,65.5,2,7.663499999999999,0,0,2,80.4,71.55600000000004
1,16.0,0,0,92.0,0,14.72,1,3,0,92.0,92.48500000000004
0,11.5,0,1,75.6,1,8.693999999999999,0,0,1,72.7,76.73400000000001
1,16.0,0,0,50.4,0,8.064,0,3,0,82.5,83.33800000000005
0,6.2,1,0,98.9,1,6.131800000000001,1,2,1,76.5,74.96899999999997
0,12.2,0,0,53.2,0,6.490399999999999,0,0,0,67.4,67.98299999999999
1,12.0,0,1,91.0,2,10.92,1,0,2,78.2,82.85800000000003
0,10.7,0,1,99.6,1,10.657199999999998,1,0,1,80.4,77.87100000000005
1,9.0,0,1,69.3,0,6.236999999999999,0,2,0,53.6,59.37100000000002
0,13.6,0,1,87.1,1,11.8456,1,0,1,81.3,84.68400000000003
1,16.0,0,0,60.6,2,9.696,0,3,2,90.9,83.00899999999996
0,13.2,1,1,74.3,1,9.807599999999999,0,0,1,100.0,94.80699999999996
0,10.0,0,0,60.9,2,6.09,0,2,2,57.4,61.97600000000003
0,13.2,1,1,79.7,2,10.5204,0,0,2,100.0,98.45700000000005
1,0.6,1,1,62.4,0,0.37439999999999996,0,1,0,43.9,43.54199999999997
1,8.0,0,1,87.0,1,6.96,1,2,1,67.8,65.112
0,16.0,0,1,97.7,3,15.632,1,3,-1,95.5,95.82099999999996
0,8.8,0,0,53.9,2,4.743200000000001,0,2,2,62.1,56.53200000000002
1,2.8,0,1,93.1,2,2.6067999999999993,1,1,2,40.5,41.31000000000002
1,10.3,0,1,59.3,1,6.1079,0,0,1,60.4,64.15799999999996
0,9.1,0,0,50.2,1,4.5682,0,2,1,52.8,52.18799999999998
0,2.6,0,0,68.5,2,1.781,0,1,2,55.3,35.71200000000003
1,3.3,0,1,63.6,1,2.0987999999999998,0,1,1,41.0,40.68699999999998
1,13.7,0,1,68.0,0,9.315999999999999,0,0,0,72.6,79.36199999999997
1,7.4,0,1,93.7,2,6.9338000000000015,1,2,2,61.0,64.20400000000004
0,10.5,1,1,51.5,0,5.4075,0,0,0,73.4,77.25200000000001
1,6.3,0,0,64.6,3,4.0698,0,2,-1,50.3,45.59700000000002
1,16.0,0,0,87.8,1,14.048,1,3,1,82.8,92.78800000000001
1,3.0,0,1,76.6,3,2.298,0,1,-1,37.8,38.190000000000005
0,12.5,0,0,64.9,0,8.1125,0,0,0,70.8,71.33699999999996
1,9.4,0,0,100.0,1,9.4,1,2,1,65.6,66.62999999999994
0,8.9,0,1,77.8,1,6.9242,0,2,1,56.5,65.83099999999999
0,7.6,0,1,97.9,1,7.4403999999999995,1,2,1,57.7,71.76799999999997
1,12.6,0,0,64.3,2,8.101799999999999,0,0,2,75.6,72.20299999999996
0,10.8,0,1,63.9,2,6.9012,0,0,2,79.8,70.673
0,6.6,1,1,61.4,2,4.0524,0,2,2,80.9,69.84700000000002
1,11.0,1,1,73.8,2,8.118,0,0,2,99.1,86.43699999999998
1,11.9,0,0,63.5,1,7.5565,0,0,1,66.7,69.26099999999998
0,14.8,0,0,79.8,0,11.8104,0,0,0,76.5,89.96900000000004
0,9.9,0,1,57.9,1,5.7321,0,2,1,71.4,61.27799999999996
1,16.0,0,1,90.2,2,14.432,1,3,2,100.0,98.27658333333333
0,8.9,0,0,73.7,3,6.5593,0,2,-1,58.2,58.51
0,1.7,1,1,65.1,1,1.1066999999999998,0,1,1,52.0,51.566999999999986
1,14.8,0,1,70.9,2,10.493200000000002,0,0,2,87.9,86.02099999999997
0,7.6,0,1,58.5,1,4.446,0,2,1,52.7,57.105
1,13.8,0,1,74.7,1,10.308600000000002,0,0,1,79.9,81.76400000000005
0,9.9,0,0,56.1,2,5.5539,0,2,2,62.5,56.36299999999997
0,7.1,0,1,64.9,1,4.6079,0,2,1,47.9,55.08800000000001
1,10.1,1,0,53.5,0,5.4035,0,0,0,64.8,75.76600000000002
0,13.0,0,1,94.5,1,12.285,1,0,1,81.7,83.41299999999995
0,8.8,0,1,85.3,1,7.5064,1,2,1,63.6,70.40999999999997
1,9.8,1,1,99.9,1,9.7902,1,2,1,96.2,89.1179999999999
0,13.5,0,1,50.4,2,6.803999999999999,0,0,2,81.6,73.84999999999992
1,5.5,0,0,56.6,1,3.113,0,2,1,39.1,40.11299999999999
1,14.4,0,1,89.3,0,12.859200000000001,1,0,0,80.9,89.71099999999998
0,9.3,1,1,63.8,2,5.933400000000001,0,2,2,86.4,79.10899999999998
0,2.6,1,1,62.5,1,1.625,0,1,1,61.9,50.23499999999997
1,11.4,0,1,93.9,0,10.704600000000001,1,0,0,67.5,71.61599999999996
1,10.7,1,0,53.0,1,5.670999999999999,0,0,1,84.1,79.80600000000003
0,6.5,0,0,96.5,1,6.2725,1,2,1,65.4,58.52699999999999
0,7.7,1,0,93.6,3,7.2072,1,2,-1,75.3,75.55199999999999
1,4.8,0,0,99.0,0,4.752,1,1,0,61.7,52.47800000000003
1,9.4,0,1,91.4,2,8.591600000000001,1,2,2,67.1,67.82299999999996
1,7.0,0,0,70.0,1,4.9,0,2,1,53.2,52.446999999999974
0,6.7,0,0,60.5,1,4.0535000000000005,0,2,1,45.5,46.88100000000002
0,0.3,1,1,57.9,1,0.17369999999999997,0,1,1,43.7,40.47100000000001
1,14.9,0,1,78.1,2,11.6369,0,0,2,80.4,86.373
0,15.7,1,1,76.4,1,11.9948,0,3,1,100.0,99.913
1,4.2,0,1,58.1,0,2.4402,0,1,0,39.6,39.35799999999999
0,8.9,1,0,50.9,1,4.5301,0,2,1,65.3,71.70599999999996
0,15.4,1,0,88.0,1,13.552,1,3,1,100.0,99.19799999999998
1,9.2,0,0,95.3,0,8.767599999999998,1,2,0,65.9,67.27600000000001
0,7.6,0,1,60.0,0,4.56,0,2,0,51.8,54.028999999999954
0,5.9,0,1,71.9,3,4.242100000000001,0,2,-1,43.0,48.763500000000015
0,7.5,0,1,79.8,1,5.985,0,2,1,60.5,59.813
1,16.0,1,0,78.9,3,12.624,0,3,-1,100.0,98.52199999999999
1,8.9,0,0,56.3,2,5.0107,0,2,2,67.1,58.27599999999998
1,15.5,0,0,78.9,2,12.2295,0,3,2,89.1,88.08199999999995
0,9.5,1,0,75.1,2,7.134499999999999,0,2,2,85.1,79.95699999999995
1,4.5,0,1,72.7,1,3.2715000000000005,0,1,1,39.0,45.664000000000016
1,11.4,0,0,71.9,1,8.1966,0,0,1,68.6,66.39599999999994
0,5.8,1,1,55.6,1,3.2248,0,2,1,59.9,60.57400000000003
1,7.4,1,1,99.0,1,7.3260000000000005,1,2,1,86.3,75.462
0,0.0,0,1,69.4,2,0.0,0,1,2,33.7,30.356999999999967
0,9.9,0,1,98.2,2,9.7218,1,2,2,81.8,77.10500000000005
1,15.4,1,1,60.1,3,9.255400000000002,0,3,-1,98.1,95.18700000000001
0,7.2,0,0,72.2,1,5.1984,0,2,1,49.0,51.04499999999999
0,7.6,1,1,80.4,2,6.110399999999999,0,2,2,82.0,81.11400000000008
0,7.3,0,0,58.4,3,4.2632,0,2,-1,45.0,45.12999999999999
1,4.4,0,1,54.2,1,2.3848000000000003,0,1,1,40.1,39.551
